,D13C_leaf_mean,D13C_leaf_ph_mean,D13C_branch_ph_mean,D13C_trunk_ph_mean,D13C_ring23_mean,,,,,,,,,,,,,,,,,,,,,,,,,,,,,,,,,,,,,,,,,,,,,,,,,,
D13C_branch_ph_mean,,,1,0.703701997,0.792677105,,,,,,,,,,,,,,,,,,,,,,,,,,,,,,,,,,,,,,,,,,,,,,,,,,
D13C_leaf_mean,1,0.881690848,0.927405937,0.829936805,0.812510721,,,,,,,,,,,,,,,,,,,,,,,,,,,,,,,,,,,,,,,,,,,,,,,,,,
D13C_leaf_ph_mean,,1,0.694547655,0.734416244,0.703808086,,,,,,,,,,,,,,,,,,,,,,,,,,,,,,,,,,,,,,,,,,,,,,,,,,
D13C_ring23_mean,,,,,1,,,,,,,,,,,,,,,,,,,,,,,,,,,,,,,,,,,,,,,,,,,,,,,,,,
D13C_trunk_ph_mean,,,,1,0.502527267,,,,,,,,,,,,,,,,,,,,,,,,,,,,,,,,,,,,,,,,,,,,,,,,,,
Pday_mm,-0.593720048,-0.573597588,-0.635386081,-0.530899613,-0.263043041,,,,,,,,,,,,,,,,,,,,,,,,,,,,,,,,,,,,,,,,,,,,,,,,,,
P_2d,-0.107072154,-0.133555262,-0.218197543,-0.033869218,0.140964173,,,,,,,,,,,,,,,,,,,,,,,,,,,,,,,,,,,,,,,,,,,,,,,,,,
P_3d,0.292318228,0.148797747,0.206501011,0.337291968,0.212251215,,,,,,,,,,,,,,,,,,,,,,,,,,,,,,,,,,,,,,,,,,,,,,,,,,
P_4d,0.507956799,0.361274495,0.417820128,0.541664149,0.398368373,,,,,,,,,,,,,,,,,,,,,,,,,,,,,,,,,,,,,,,,,,,,,,,,,,
P_5d,0.452703647,0.257097928,0.426998658,0.464830627,0.392393681,,,,,,,,,,,,,,,,,,,,,,,,,,,,,,,,,,,,,,,,,,,,,,,,,,
P_6d,0.453031695,0.269480647,0.424863757,0.473446161,0.389891119,,,,,,,,,,,,,,,,,,,,,,,,,,,,,,,,,,,,,,,,,,,,,,,,,,
P_7d,0.438197231,0.259556079,0.40883808,0.461888955,0.380060942,,,,,,,,,,,,,,,,,,,,,,,,,,,,,,,,,,,,,,,,,,,,,,,,,,
P_8d,0.415628256,0.24108201,0.389280302,0.442248942,0.364078835,,,,,,,,,,,,,,,,,,,,,,,,,,,,,,,,,,,,,,,,,,,,,,,,,,
P_9d,0.40854739,0.247358483,0.381319025,0.438714146,0.359163943,,,,,,,,,,,,,,,,,,,,,,,,,,,,,,,,,,,,,,,,,,,,,,,,,,
P_10d,0.342912174,0.148155191,0.365185991,0.364948095,0.297809119,,,,,,,,,,,,,,,,,,,,,,,,,,,,,,,,,,,,,,,,,,,,,,,,,,
P_11d,0.336584149,0.151002311,0.357851224,0.361460628,0.292196975,,,,,,,,,,,,,,,,,,,,,,,,,,,,,,,,,,,,,,,,,,,,,,,,,,
P_12d,0.321687182,0.127127566,0.368869866,0.338479652,0.30423086,,,,,,,,,,,,,,,,,,,,,,,,,,,,,,,,,,,,,,,,,,,,,,,,,,
P_13d,0.240882402,-0.000550091,0.344685092,0.241915555,0.234482665,,,,,,,,,,,,,,,,,,,,,,,,,,,,,,,,,,,,,,,,,,,,,,,,,,
P_14d,0.243046495,0.001773337,0.355550827,0.238565955,0.253293634,,,,,,,,,,,,,,,,,,,,,,,,,,,,,,,,,,,,,,,,,,,,,,,,,,
P_15d,0.231825307,-0.014812777,0.357472095,0.221419296,0.255025497,,,,,,,,,,,,,,,,,,,,,,,,,,,,,,,,,,,,,,,,,,,,,,,,,,
TmaxDay_C,-0.179313351,0.059872456,-0.233995268,-0.273198978,-0.222083235,,,,,,,,,,,,,,,,,,,,,,,,,,,,,,,,,,,,,,,,,,,,,,,,,,
TmaxDay_C_2d,-0.064461503,0.167795196,-0.175058598,-0.205204655,-0.263087921,,,,,,,,,,,,,,,,,,,,,,,,,,,,,,,,,,,,,,,,,,,,,,,,,,
TmaxDay_C_3d,0.044711731,0.242084253,-0.085392221,-0.176208239,-0.212674307,,,,,,,,,,,,,,,,,,,,,,,,,,,,,,,,,,,,,,,,,,,,,,,,,,
TmaxDay_C_4d,0.043908681,0.244505771,-0.080224631,-0.217543425,-0.127636168,,,,,,,,,,,,,,,,,,,,,,,,,,,,,,,,,,,,,,,,,,,,,,,,,,
TmaxDay_C_5d,0.173233144,0.312973913,0.057339912,-0.103327161,0.064376837,,,,,,,,,,,,,,,,,,,,,,,,,,,,,,,,,,,,,,,,,,,,,,,,,,
TmaxDay_C_6d,0.419479705,0.418008779,0.353316351,0.123429903,0.295589521,,,,,,,,,,,,,,,,,,,,,,,,,,,,,,,,,,,,,,,,,,,,,,,,,,
TmaxDay_C_7d,0.568304724,0.504172303,0.48364235,0.362453591,0.397165019,,,,,,,,,,,,,,,,,,,,,,,,,,,,,,,,,,,,,,,,,,,,,,,,,,
TmaxDay_C_8d,0.665521424,0.577075869,0.547629846,0.536102521,0.485260023,,,,,,,,,,,,,,,,,,,,,,,,,,,,,,,,,,,,,,,,,,,,,,,,,,
TmaxDay_C_9d,0.677753803,0.581416238,0.544734243,0.59417023,0.515396891,,,,,,,,,,,,,,,,,,,,,,,,,,,,,,,,,,,,,,,,,,,,,,,,,,
TmaxDay_C_10d,0.648684856,0.544230886,0.511477258,0.595589966,0.49922884,,,,,,,,,,,,,,,,,,,,,,,,,,,,,,,,,,,,,,,,,,,,,,,,,,
TmaxDay_C_11d,0.632995894,0.542247863,0.486549964,0.60252987,0.487368345,,,,,,,,,,,,,,,,,,,,,,,,,,,,,,,,,,,,,,,,,,,,,,,,,,
TmaxDay_C_12d,0.610459544,0.555792445,0.445063085,0.591477468,0.450902202,,,,,,,,,,,,,,,,,,,,,,,,,,,,,,,,,,,,,,,,,,,,,,,,,,
TmaxDay_C_13d,0.607218268,0.576252582,0.432624817,0.601845663,0.432246894,,,,,,,,,,,,,,,,,,,,,,,,,,,,,,,,,,,,,,,,,,,,,,,,,,
TmaxDay_C_14d,0.598605554,0.573753112,0.421925132,0.614422255,0.425092747,,,,,,,,,,,,,,,,,,,,,,,,,,,,,,,,,,,,,,,,,,,,,,,,,,
TmaxDay_C_15d,0.591976688,0.579207211,0.410748943,0.627091426,0.422800398,,,,,,,,,,,,,,,,,,,,,,,,,,,,,,,,,,,,,,,,,,,,,,,,,,
TmeanDay_C,0.100913702,0.394205675,-0.064866787,-0.091617921,-0.115345624,,,,,,,,,,,,,,,,,,,,,,,,,,,,,,,,,,,,,,,,,,,,,,,,,,
TmeanDay_C_2d,0.199280224,0.42076329,0.029903727,-0.06173861,-0.05328752,,,,,,,,,,,,,,,,,,,,,,,,,,,,,,,,,,,,,,,,,,,,,,,,,,
TmeanDay_C_3d,0.22831952,0.415228781,0.048261854,-0.058996643,0.009422542,,,,,,,,,,,,,,,,,,,,,,,,,,,,,,,,,,,,,,,,,,,,,,,,,,
TmeanDay_C_4d,0.257817877,0.414258189,0.060460839,-0.017618701,0.121621329,,,,,,,,,,,,,,,,,,,,,,,,,,,,,,,,,,,,,,,,,,,,,,,,,,
TmeanDay_C_5d,0.388839951,0.475613122,0.200418165,0.107442436,0.246956087,,,,,,,,,,,,,,,,,,,,,,,,,,,,,,,,,,,,,,,,,,,,,,,,,,
TmeanDay_C_6d,0.57530143,0.559088193,0.423944078,0.276452433,0.366790886,,,,,,,,,,,,,,,,,,,,,,,,,,,,,,,,,,,,,,,,,,,,,,,,,,
TmeanDay_C_7d,0.658480265,0.586310442,0.506023773,0.426609639,0.413861438,,,,,,,,,,,,,,,,,,,,,,,,,,,,,,,,,,,,,,,,,,,,,,,,,,
TmeanDay_C_8d,0.701775075,0.603892454,0.535679213,0.533308588,0.446094009,,,,,,,,,,,,,,,,,,,,,,,,,,,,,,,,,,,,,,,,,,,,,,,,,,
TmeanDay_C_9d,0.718130282,0.612529313,0.543796616,0.587486726,0.470871768,,,,,,,,,,,,,,,,,,,,,,,,,,,,,,,,,,,,,,,,,,,,,,,,,,
TmeanDay_C_10d,0.710520261,0.600188936,0.535656413,0.608304011,0.46512389,,,,,,,,,,,,,,,,,,,,,,,,,,,,,,,,,,,,,,,,,,,,,,,,,,
TmeanDay_C_11d,0.704145805,0.605973414,0.522779213,0.62536205,0.457190498,,,,,,,,,,,,,,,,,,,,,,,,,,,,,,,,,,,,,,,,,,,,,,,,,,
TmeanDay_C_12d,0.6814025,0.619044836,0.485519777,0.623405743,0.424643204,,,,,,,,,,,,,,,,,,,,,,,,,,,,,,,,,,,,,,,,,,,,,,,,,,
TmeanDay_C_13d,0.660644968,0.626036953,0.458409156,0.625748548,0.394538593,,,,,,,,,,,,,,,,,,,,,,,,,,,,,,,,,,,,,,,,,,,,,,,,,,
TmeanDay_C_14d,0.655793632,0.6265193,0.453760736,0.634513654,0.390234515,,,,,,,,,,,,,,,,,,,,,,,,,,,,,,,,,,,,,,,,,,,,,,,,,,
TmeanDay_C_15d,0.656926746,0.639997926,0.451046641,0.645142649,0.394006618,,,,,,,,,,,,,,,,,,,,,,,,,,,,,,,,,,,,,,,,,,,,,,,,,,
TminDay_C,0.122877113,0.367484703,-0.07181367,-0.081042691,-0.041657502,,,,,,,,,,,,,,,,,,,,,,,,,,,,,,,,,,,,,,,,,,,,,,,,,,
TminDay_C_2d,0.239130181,0.380696139,0.088662808,-0.032414632,0.126642831,,,,,,,,,,,,,,,,,,,,,,,,,,,,,,,,,,,,,,,,,,,,,,,,,,
TminDay_C_3d,0.225139025,0.357577073,0.057921395,-0.021100249,0.14047719,,,,,,,,,,,,,,,,,,,,,,,,,,,,,,,,,,,,,,,,,,,,,,,,,,
TminDay_C_4d,0.261606291,0.376032233,0.066640751,0.051582317,0.211493733,,,,,,,,,,,,,,,,,,,,,,,,,,,,,,,,,,,,,,,,,,,,,,,,,,
TminDay_C_5d,0.402794599,0.461573378,0.21474528,0.163286653,0.291249763,,,,,,,,,,,,,,,,,,,,,,,,,,,,,,,,,,,,,,,,,,,,,,,,,,
TminDay_C_6d,0.540121103,0.548395029,0.360910543,0.290695247,0.369081903,,,,,,,,,,,,,,,,,,,,,,,,,,,,,,,,,,,,,,,,,,,,,,,,,,
TminDay_C_7d,0.568896053,0.532577943,0.391313842,0.368641549,0.377655234,,,,,,,,,,,,,,,,,,,,,,,,,,,,,,,,,,,,,,,,,,,,,,,,,,
TminDay_C_8d,0.572839407,0.505645516,0.399122849,0.413360967,0.369137655,,,,,,,,,,,,,,,,,,,,,,,,,,,,,,,,,,,,,,,,,,,,,,,,,,
TminDay_C_9d,0.606451198,0.524526261,0.430957546,0.470615605,0.384249525,,,,,,,,,,,,,,,,,,,,,,,,,,,,,,,,,,,,,,,,,,,,,,,,,,
TminDay_C_10d,0.641606579,0.552507462,0.465338288,0.517584813,0.401199744,,,,,,,,,,,,,,,,,,,,,,,,,,,,,,,,,,,,,,,,,,,,,,,,,,
TminDay_C_11d,0.652269018,0.572672335,0.469985489,0.553777831,0.395387669,,,,,,,,,,,,,,,,,,,,,,,,,,,,,,,,,,,,,,,,,,,,,,,,,,
TminDay_C_12d,0.648130285,0.592854104,0.454723036,0.585089219,0.379676968,,,,,,,,,,,,,,,,,,,,,,,,,,,,,,,,,,,,,,,,,,,,,,,,,,
TminDay_C_13d,0.616040155,0.583982138,0.419195009,0.588042359,0.341306008,,,,,,,,,,,,,,,,,,,,,,,,,,,,,,,,,,,,,,,,,,,,,,,,,,
TminDay_C_14d,0.620770164,0.592649262,0.425383167,0.595191524,0.338300237,,,,,,,,,,,,,,,,,,,,,,,,,,,,,,,,,,,,,,,,,,,,,,,,,,
TminDay_C_15d,0.633628203,0.620185586,0.43296957,0.604232642,0.343626369,,,,,,,,,,,,,,,,,,,,,,,,,,,,,,,,,,,,,,,,,,,,,,,,,,
,0.718130282,0.639997926,0.547629846,0.645142649,0.515396891,,,,,,,,,,,,,,,,,,,,,,,,,,,,,,,,,,,,,,,,,,,,,,,,,,
,-0.179313351,-0.133555262,-0.233995268,-0.273198978,-0.263087921,,,,,,,,,,,,,,,,,,,,,,,,,,,,,,,,,,,,,,,,,,,,,,,,,,
