,D13C_leaf_mean,D13C_leaf_ph_mean,D13C_branch_ph_mean,D13C_trunk_ph_mean,D13C_ring23_mean
D13C_leaf_mean,1,0.848528063,0.929620738,0.827788815,0.817540204
D13C_leaf_ph_mean,,1,0.653473761,0.723685965,0.642014133
D13C_branch_ph_mean,,,1,0.700652717,0.80704668
D13C_trunk_ph_mean,,,,1,0.4659323
D13C_ring23_mean,,,,,1
TmaxDay_C,-0.235230908,0.081074762,-0.301636665,-0.297485815,-0.216687236
TminDay_C,0.045761617,0.368404654,-0.150767729,-0.108204765,-0.118646979
TmeanDay_C,0.013286999,0.388993324,-0.156090603,-0.133941381,-0.134079882
TmaxDay_C_2d,-0.144560864,0.181046084,-0.263171862,-0.234683201,-0.273750608
TminDay_C_2d,0.146645416,0.379191642,-0.010885978,-0.061186604,0.00615931
TmeanDay_C_2d,0.094051026,0.410083967,-0.079009928,-0.104822477,-0.107678248
P_2d,-0.063086095,-0.144628168,-0.156611165,-0.027436212,0.210839306
TmaxDay_C_3d,-0.042518475,0.248655336,-0.179437408,-0.174616088,-0.330025162
TminDay_C_3d,0.131059876,0.357006232,-0.041294296,-0.047140764,0.002423148
TmeanDay_C_3d,0.129808667,0.408895056,-0.05381861,-0.081211326,-0.120130421
P_3d,0.324492691,0.128086422,0.252455982,0.32889739,0.282570888
TmaxDay_C_4d,-0.067565726,0.244056717,-0.197839211,-0.198952105,-0.2946581
TminDay_C_4d,0.148766738,0.369405939,-0.047359542,0.013627776,0.059292857
TmeanDay_C_4d,0.130408299,0.397594522,-0.065703777,-0.047243758,-0.055639184
P_4d,0.529134454,0.336117092,0.449597668,0.525958109,0.447882785
TmaxDay_C_5d,0.021138036,0.293479916,-0.102189948,-0.11870118,-0.147813628
TminDay_C_5d,0.25085825,0.437069503,0.061749456,0.101035095,0.142077869
TmeanDay_C_5d,0.215464699,0.437625422,0.02942706,0.045842825,0.052186663
P_5d,0.476788409,0.234076149,0.459075093,0.451848297,0.443221714
TmaxDay_C_6d,0.233131991,0.385864672,0.146460502,0.060339189,0.043229059
TminDay_C_6d,0.389107676,0.522151097,0.204280177,0.220723133,0.221380814
TmeanDay_C_6d,0.403644805,0.52442274,0.243550008,0.200397515,0.177973317
P_6d,0.477201812,0.245969438,0.457225042,0.459059579,0.443388255
TmaxDay_C_7d,0.44340413,0.492723222,0.341372448,0.301621651,0.163693104
TminDay_C_7d,0.433082749,0.515167013,0.248130017,0.297211166,0.244303327
TmeanDay_C_7d,0.536226823,0.572518585,0.372097698,0.365307102,0.242882616
P_7d,0.461674117,0.238072006,0.439929573,0.447005208,0.433634407
TmaxDay_C_8d,0.583243123,0.575037415,0.451842022,0.489036966,0.301720112
TminDay_C_8d,0.460470658,0.497955334,0.277928882,0.348011166,0.255793341
TmeanDay_C_8d,0.617379373,0.600884157,0.440327574,0.486352468,0.312545504
P_8d,0.439570699,0.220605517,0.420678826,0.427944339,0.41850193
TmaxDay_C_9d,0.628615556,0.584001078,0.485431334,0.566878784,0.378766859
TminDay_C_9d,0.504532264,0.519246192,0.319716311,0.405664244,0.283200127
TmeanDay_C_9d,0.659390173,0.613929473,0.475500988,0.552905893,0.366136655
P_9d,0.433259329,0.226195659,0.41387369,0.423717866,0.415664076
TmaxDay_C_10d,0.62344151,0.546054422,0.479936409,0.582311195,0.384746605
TminDay_C_10d,0.550122315,0.549039117,0.364121583,0.457660902,0.30374901
TmeanDay_C_10d,0.670492833,0.60279123,0.487869026,0.585221261,0.372278197
P_10d,0.371510251,0.128548083,0.400187931,0.351292026,0.364471473
,0.670492833,0.613929473,0.487869026,0.585221261,0.447882785
,-0.235230908,-0.144628168,-0.301636665,-0.297485815,-0.330025162
