,dbh_cm,h_m,N_perc_leaf,d15N_leaf,C_perc_leaf,ratio_CN_leaf,D13C_leaf,D13C_leaf_ph,D13C_branch_ph,D13C_trunk_ph,D13C_ring23,wp_md,sla,wd_g_cm3,chla_ug_ml,chlb_ug_ml,chla_chlb,chla_and_chlb,branchSuc_umol_m2,trunkSuc_umol_m2,leafSuc_umol_g
dbh_cm,1,0.111186013,-0.093641997,-0.231097888,0.340190796,0.120582337,0.599867353,0.493878298,0.463548621,0.230304139,0.381552896,0.425878306,0.29200818,-0.127635382,-0.387857027,-0.223541829,-0.255962726,-0.355105404,-0.094944668,-0.131438499,-0.159654018
h_m,0.111186013,1,0.507369545,-0.250555774,0.073107913,-0.505628205,0.313120344,0.243472777,0.214649484,0.060128827,0.157264878,-0.086877105,0.346705887,0.053175901,-0.095870681,0.035943732,-0.220311205,-0.06328048,-0.268967896,-0.162243608,-0.12064038
N_perc_leaf,-0.093641997,0.507369545,1,-0.05989837,-0.057234098,-0.974945321,0.00856628,-0.099064536,0.026141963,-0.104181727,0.041318632,0.063092508,0.390184899,-0.145362205,0.130785397,0.263790253,-0.256112976,0.170492359,-0.310872508,-0.113719607,-0.126964106
d15N_leaf,-0.231097888,-0.250555774,-0.05989837,1,-0.152230878,0.033480157,-0.469160163,-0.426738043,-0.389454645,-0.45512688,-0.447336871,-0.311053618,-0.461741709,0.069983939,0.387704561,0.269485794,0.185746515,0.36724932,0.31905523,0.26456638,0.152835305
C_perc_leaf,0.340190796,0.073107913,-0.057234098,-0.152230878,1,0.194749318,0.389330746,0.429571856,0.342012227,0.333631607,0.239061918,0.182279731,0.0029144,-0.075200153,-0.058148351,-0.004099666,-0.103677908,-0.045289577,-0.072821374,-0.032747307,-0.190103514
ratio_CN_leaf,0.120582337,-0.505628205,-0.974945321,0.033480157,0.194749318,1,-0.007908417,0.096500874,0.030738949,0.13163122,-0.027405761,0.005505565,-0.389381908,0.072262892,-0.134798447,-0.247355065,0.221135776,-0.169110992,0.254147025,0.068123439,0.090665737
D13C_leaf,0.599867353,0.313120344,0.00856628,-0.469160163,0.389330746,-0.007908417,1,0.749440299,0.850144496,0.577923359,0.401495382,0.165837506,0.415759763,0.109569361,-0.44238244,-0.3325199,-0.145386072,-0.425789773,0.032640523,0.187714519,-0.202760361
D13C_leaf_ph,0.493878298,0.243472777,-0.099064536,-0.426738043,0.429571856,0.096500874,0.749440299,1,0.523345453,0.532626041,0.373640698,-0.05497656,0.243700593,0.14826347,-0.394145819,-0.345177562,-0.005772866,-0.39220678,0.129659717,0.104790841,-0.198998055
D13C_branch_ph,0.463548621,0.214649484,0.026141963,-0.389454645,0.342012227,0.030738949,0.850144496,0.523345453,1,0.4098278,0.362761405,0.349778861,0.492773253,-0.145293536,-0.497389091,-0.336692701,-0.234707737,-0.470461388,-0.212626361,0.042469869,-0.112630766
D13C_trunk_ph,0.230304139,0.060128827,-0.104181727,-0.45512688,0.333631607,0.13163122,0.577923359,0.532626041,0.4098278,1,0.350029938,0.027654297,0.274200603,0.275985232,-0.181730914,-0.116071195,-0.097931086,-0.169442474,0.2503539,0.275255063,-0.340445678
D13C_ring23,0.381552896,0.157264878,0.041318632,-0.447336871,0.239061918,-0.027405761,0.401495382,0.373640698,0.362761405,0.350029938,1,0.311634395,0.322561763,-0.254868471,-0.076395304,0.186476571,-0.491128493,-0.007894357,-0.187640785,-0.247513519,-0.36663534
wp_md,0.425878306,-0.086877105,0.063092508,-0.311053618,0.182279731,0.005505565,0.165837506,-0.05497656,0.349778861,0.027654297,0.311634395,1,0.450014651,-0.326268682,-0.436046523,-0.207719343,-0.323436483,-0.386675006,-0.523214159,-0.435827887,-0.033324181
sla,0.29200818,0.346705887,0.390184899,-0.461741709,0.0029144,-0.389381908,0.415759763,0.243700593,0.492773253,0.274200603,0.322561763,0.450014651,1,-0.128993121,-0.60984994,-0.373510252,-0.284208645,-0.562657749,-0.244741074,-0.071023632,0.044278093
wd_g_cm3,-0.127635382,0.053175901,-0.145362205,0.069983939,-0.075200153,0.072262892,0.109569361,0.14826347,-0.145293536,0.275985232,-0.254868471,-0.326268682,-0.128993121,1,0.001096871,-0.117748778,0.223797353,-0.031563863,0.456751491,0.294312477,-0.110684779
chla_ug_ml,-0.387857027,-0.095870681,0.130785397,0.387704561,-0.058148351,-0.134798447,-0.44238244,-0.394145819,-0.497389091,-0.181730914,-0.076395304,-0.436046523,-0.60984994,0.001096871,1,0.854155356,0.040016741,0.990124641,0.179123328,0.127484836,-0.107556838
chlb_ug_ml,-0.223541829,0.035943732,0.263790253,0.269485794,-0.004099666,-0.247355065,-0.3325199,-0.345177562,-0.336692701,-0.116071195,0.186476571,-0.207719343,-0.373510252,-0.117748778,0.854155356,1,-0.469061142,0.918621501,-0.068716575,-0.044055316,-0.223881624
chla_chlb,-0.255962726,-0.220311205,-0.256112976,0.185746515,-0.103677908,0.221135776,-0.145386072,-0.005772866,-0.234707737,-0.097931086,-0.491128493,-0.323436483,-0.284208645,0.223797353,0.040016741,-0.469061142,1,-0.096045641,0.429029658,0.287929594,0.320464408
chla_and_chlb,-0.355105404,-0.06328048,0.170492359,0.36724932,-0.045289577,-0.169110992,-0.425789773,-0.39220678,-0.470461388,-0.169442474,-0.007894357,-0.386675006,-0.562657749,-0.031563863,0.990124641,0.918621501,-0.096045641,1,0.117582834,0.084993371,-0.142699293
branchSuc_umol_m2,-0.094944668,-0.268967896,-0.310872508,0.31905523,-0.072821374,0.254147025,0.032640523,0.129659717,-0.212626361,0.2503539,-0.187640785,-0.523214159,-0.244741074,0.456751491,0.179123328,-0.068716575,0.429029658,0.117582834,1,0.746059141,0.078047734
trunkSuc_umol_m2,-0.131438499,-0.162243608,-0.113719607,0.26456638,-0.032747307,0.068123439,0.187714519,0.104790841,0.042469869,0.275255063,-0.247513519,-0.435827887,-0.071023632,0.294312477,0.127484836,-0.044055316,0.287929594,0.084993371,0.746059141,1,0.080901743
leafSuc_umol_g,-0.159654018,-0.12064038,-0.126964106,0.152835305,-0.190103514,0.090665737,-0.202760361,-0.198998055,-0.112630766,-0.340445678,-0.36663534,-0.033324181,0.044278093,-0.110684779,-0.107556838,-0.223881624,0.320464408,-0.142699293,0.078047734,0.080901743,1
