"site","campaign","tree","chla_ug_ml","chlb_ug_ml","chla_chlb","chla_and_chlb"
"ART","spring23","ART1",4.79518,2.00767,2.38843037,6.80285
"ART","spring23","ART2",5.17169,1.55651,3.322619193,6.7282
"ART","spring23","ART3",4.01116,1.04913,3.823320275,5.06029
"ART","spring23","ART4",6.67696,2.23179,2.991751016,8.90875
"ART","spring23","ART5",5.43678,1.55737,3.491000854,6.99415
"BER","spring23","BER1",5.90622,1.66027,3.557385245,7.56649
"BER","spring23","BER2",6.25217,2.05927,3.036109884,8.31144
"BER","spring23","BER3",5.45086,1.61955,3.365663302,7.07041
"BER","spring23","BER4",4.08116,1.52245,2.680652895,5.60361
"BER","spring23","BER5",5.12181,1.58251,3.236510354,6.70432
"BER","spring23","BER6",4.30602,1.24303,3.464132,5.54905
"ITU","spring23","ITU1",4.27384,1.30615,3.272089729,5.57999
"ITU","spring23","ITU2",4.34947,1.66067,2.619105542,6.01014
"ITU","spring23","ITU3",4.62904,1.56129,2.964881604,6.19033
"ITU","spring23","ITU4",4.09886,1.55957,2.628198798,5.65843
"ITU","spring23","ITU5",5.39294,2.02051,2.669098396,7.41345
"ITU","spring23","ITU6",4.6918,2.08473,2.250555228,6.77653
"DIU","spring23","DIU1",5.53936,1.80515,3.068642495,7.34451
"DIU","spring23","DIU2",8.74861,2.65819,3.291190622,11.4068
"DIU","spring23","DIU3",5.46655,1.75041,3.12301118,7.21696
"DIU","spring23","DIU4",4.82574,1.15751,4.169069814,5.98325
"DIU","spring23","DIU5",6.26303,1.98409,3.15662596,8.24712
"DIU","spring23","DIU6",7.67618,2.49883,3.071909654,10.17501
"ITU","summer23","ITU1",4.6753,1.56035,2.996314929,6.23565
"ITU","summer23","ITU2",5.48465,1.62511,3.374940773,7.10976
"ITU","summer23","ITU3",5.79721,1.85613,3.123278003,7.65334
"ITU","summer23","ITU4",5.012,2.10321,2.383024044,7.11521
"ITU","summer23","ITU5",6.99716,2.25027,3.109475752,9.24743
"ITU","summer23","ITU6",6.08885,1.91267,3.183429447,8.00152
"BER","summer23","BER1",5.00958,1.64101,3.052741909,6.65059
"BER","summer23","BER2",3.98099,1.01851,3.908641054,4.9995
"BER","summer23","BER3",5.12221,1.42009,3.606961531,6.5423
"BER","summer23","BER4",6.31975,2.07039,3.052444225,8.39014
"BER","summer23","BER5",5.55183,1.79865,3.086664999,7.35048
"BER","summer23","BER6",4.81328,1.88237,2.557031827,6.69565
"ART","summer23","ART1",4.13868,1.28391,3.223496974,5.42259
"ART","summer23","ART2",5.70871,1.67053,3.417304688,7.37924
"ART","summer23","ART3",6.79764,2.35427,2.88736636,9.15191
"ART","summer23","ART6",6.21154,1.94141,3.199499333,8.15295
"ART","summer23","ART4",4.92993,1.47397,3.344661018,6.4039
"DIU","summer23","DIU1",7.24374,1.82049,3.979005652,9.06423
"DIU","summer23","DIU2",8.73212,2.85217,3.061570664,11.58429
"DIU","summer23","DIU3",5.59447,1.82277,3.06921334,7.41724
"DIU","summer23","DIU4",5.21714,1.16205,4.489600275,6.37919
"DIU","summer23","DIU5",5.44402,1.50725,3.611889202,6.95127
"DIU","summer23","DIU6",5.75859,1.64453,3.501663089,7.40312
"MSA","spring23","MSA1",8.69029,3.22157,2.69753257,11.91186
"MSA","spring23","MSA2",5.96455,1.81525,3.285800854,7.7798
"MSA","spring23","MSA3",4.75696,1.63365,2.911859946,6.39061
"MSA","spring23","MSA4",7.49757,2.05895,3.641453168,9.55652
"MSA","spring23","MSA5",7.23409,2.12677,3.401444444,9.36086
"MSA","spring23","MSA6",6.82821,2.22247,3.072351933,9.05068
"MSA","summer23","MSA1",8.13798,2.81427,2.891684167,10.95225
"MSA","summer23","MSA2",8.30371,2.70471,3.070092542,11.00842
"MSA","summer23","MSA3",5.30001,1.46645,3.614177094,6.76646
"MSA","summer23","MSA4",8.33146,2.27313,3.665192928,10.60459
"MSA","summer23","MSA5",6.05586,1.58227,3.827324034,7.63813
"MSA","summer23","MSA6",6.08965,1.58783,3.835202761,7.67748
