"site","campaign","tree","sla"
"ART","spring23","ART1",366.171875
"ART","spring23","ART2",321.4674556
"ART","spring23","ART3",324.2830882
"ART","spring23","ART4",238.8650794
"ART","spring23","ART5",342.7230769
"ART","spring23","ART6",NA
"BER","spring23","BER1",334.4713115
"BER","spring23","BER2",280.9664948
"BER","spring23","BER3",287.2867384
"BER","spring23","BER4",317.6774194
"BER","spring23","BER5",337.2514735
"BER","spring23","BER6",413.614094
"ITU","spring23","ITU1",449.4037736
"ITU","spring23","ITU2",452.4335443
"ITU","spring23","ITU3",448.8590308
"ITU","spring23","ITU4",466.125
"ITU","spring23","ITU5",484.0955166
"ITU","spring23","ITU6",523.1198502
"DIU","spring23","DIU1",407.7803738
"DIU","spring23","DIU2",235.250774
"DIU","spring23","DIU3",251.5261324
"DIU","spring23","DIU4",370.7732794
"DIU","spring23","DIU5",358.2952381
"DIU","spring23","DIU6",359.09
"ART","summer23","ART1",389.855615
"ART","summer23","ART2",246.7694301
"ART","summer23","ART3",279.2545932
"ART","summer23","ART4",309.0825688
"ART","summer23","ART5",NA
"ART","summer23","ART6",NA
"BER","summer23","BER1",294.9473684
"BER","summer23","BER2",316.5936508
"BER","summer23","BER3",235.3628319
"BER","summer23","BER4",300.1794872
"BER","summer23","BER5",315.349537
"BER","summer23","BER6",276.3834951
"ITU","summer23","ITU1",451.7444934
"ITU","summer23","ITU2",405.3863636
"ITU","summer23","ITU3",365.5122807
"ITU","summer23","ITU4",505.9665552
"ITU","summer23","ITU5",338.2921914
"ITU","summer23","ITU6",359.2169811
"DIU","summer23","DIU1",269.5776173
"DIU","summer23","DIU2",186.6164384
"DIU","summer23","DIU3",322.4325397
"DIU","summer23","DIU4",360.0765957
"DIU","summer23","DIU5",291.6538462
"DIU","summer23","DIU6",316.5243902
"MSA","spring23","MSA1",148.1912351
"MSA","spring23","MSA2",128.3525
"MSA","spring23","MSA3",192.1291667
"MSA","spring23","MSA4",142.6382979
"MSA","spring23","MSA5",157.1800948
"MSA","spring23","MSA6",186.8085106
"MSA","summer23","MSA1",100.958042
"MSA","summer23","MSA2",115.9852217
"MSA","summer23","MSA3",150.1797386
"MSA","summer23","MSA4",NA
"MSA","summer23","MSA5",174.5037594
"MSA","summer23","MSA6",120.0888158
