"site","campaign","tree","branchSuc_umol_m2","trunkSuc_umol_m2","leafSuc_umol_g"
"MSA","spring23","MSA1",1045.96524707184,11349.2833767797,0.0492407311977716
"MSA","spring23","MSA2",1608.34358095559,16996.6431577262,0.0733794969293756
"MSA","spring23","MSA3",1441.55535396137,6302.12606888314,0.187244638132296
"MSA","spring23","MSA4",1286.39485717332,9521.39399925708,0.0570072255936675
"MSA","spring23","MSA5",2255.31952830733,4719.7741129987,0.108118791284404
"MSA","spring23","MSA6",893.794049128077,11731.2303865644,0.0829610136986301
"MSA","summer23","MSA1",14238.0795732914,120111.430350088,0.00364137541713014
"MSA","summer23","MSA2",12102.5108409342,142542.634115311,0.0542160805322129
"MSA","summer23","MSA3",15616.4354206446,120095.061175065,0.0297425257913247
"MSA","summer23","MSA4",13788.5352100127,138766.814845284,NA
"MSA","summer23","MSA5",16997.7571226712,136164.118664843,0.0381389912621359
"MSA","summer23","MSA6",13220.5786967161,143481.132566608,0.0400055467877095
"ART","spring23","ART1",660.032577926042,8621.09028968223,0.0184861929411765
"ART","spring23","ART2",727.620288354886,6765.91895378663,0.0401478852201258
"ART","spring23","ART3",913.085739146609,13122.6089394157,0.0797939208333333
"ART","spring23","ART4",1290.69783805099,11131.0279135145,-0.00676130120481928
"ART","spring23","ART5",961.961873270922,78310.0552895943,0.0149446804347826
"BER","spring23","BER1",11934.2881868817,150989.120075125,0.141932166666667
"BER","spring23","BER2",13800.3087598374,76023.8295207019,0.245033578217822
"BER","spring23","BER3",19045.8372085031,133506.858567656,0.0595199403409091
"BER","spring23","BER4",16416.7600042186,113896.60634428,0.0850619622047244
"BER","spring23","BER5",9065.88756286437,163075.01561496,0.0633599364326376
"BER","spring23","BER6",11441.8312492033,162965.887883328,0.230880587734242
"DIU","spring23","DIU1",5582.42833820028,143393.830401674,0.0626253289855073
"DIU","spring23","DIU2",12770.4835671531,115648.106340218,0.0479062936585366
"DIU","spring23","DIU3",7242.29297081975,144665.168439544,0.170644936170213
"DIU","spring23","DIU4",10633.8346209215,122954.207560493,0.791823860701107
"DIU","spring23","DIU5",6953.34934935156,124372.867969858,0.0477123410931174
"DIU","spring23","DIU6",8588.54160376154,143366.548443301,0.0208952978723404
"ITU","spring23","ITU1",982.295192258312,6002.02483235819,0.0671948802631579
"ITU","spring23","ITU2",747.979611757827,6629.50926378104,0.00967565517241379
"ITU","spring23","ITU3",437.031936179964,14186.6041955099,0.068340550257732
"ITU","spring23","ITU4",762.460445192953,8375.55286804401,0.0626325905612245
"ITU","spring23","ITU5",656.65019635839,13477.2739908274,0.043554291130186
"ITU","spring23","ITU6",614.553920963372,6520.38153214841,0.103503426470588
"HMO","spring23","HMO1",NA,128961.688784526,NA
"HMO","spring23","HMO2",NA,147546.140289811,NA
"HMO","spring23","HMO3",NA,159190.068613301,NA
"HMO","spring23","HMO4",NA,143301.071845065,NA
"HMO","spring23","HMO5",NA,155250.557694895,NA
"ART","summer23","ART1",11305.8319832728,86816.5614559693,0.022383566951567
"ART","summer23","ART2",10063.1021685488,126757.308788893,0.0507457244174265
"ART","summer23","ART3",11253.4986524606,118501.796333972,0.0280212764945652
"ART","summer23","ART4",12206.090440397,91378.1004141232,0.00949678242320819
"ART","summer23","ART6",12844.0724299911,129943.83836922,NA
"BER","summer23","BER1",8062.02381289403,125736.964564337,0.0166655836363636
"BER","summer23","BER2",9411.11769910836,113165.450674759,0.0150694461312439
"BER","summer23","BER3",16910.6156548925,85867.1503231823,0.021618091857001
"BER","summer23","BER4",8615.68534978924,104533.447601727,0.0718354393787575
"BER","summer23","BER5",8863.78576744532,75390.8886976045,0.0492750449477352
"BER","summer23","BER6",9523.70193061596,156510.982949415,0.045663547133758
"DIU","summer23","DIU1",20302.4527763184,75947.4400372577,0.0800933346036585
"DIU","summer23","DIU2",14940.1934407026,115140.662423777,0.0995209220601641
"DIU","summer23","DIU3",12283.1843013422,133697.832072548,0.051992418627451
"DIU","summer23","DIU4",16382.718585416,118223.520664145,0.137936018446602
"DIU","summer23","DIU5",15160.6024459821,126266.234047476,0.0804849528145695
"DIU","summer23","DIU6",17760.7604391576,124487.452093165,0.0641004826958106
"ITU","summer23","ITU1",10297.6628987924,128497.896001482,0.00803336625766871
"ITU","summer23","ITU2",7846.72194016118,122119.380449154,0.0142744040697674
"ITU","summer23","ITU3",8425.11403287977,97227.3463814521,0.0426574099560761
"ITU","summer23","ITU4",8630.00933706676,100593.936785181,-0.0112882643678161
"ITU","summer23","ITU5",8662.7882157428,139825.353811563,0.0490538960244648
"ITU","summer23","ITU6",5472.27715783308,99671.8075089076,0.0417801386386386
"HMO","summer23","HMO1",NA,91072.5427859237,NA
"HMO","summer23","HMO2",NA,84568.5303269399,NA
"HMO","summer23","HMO3",NA,115686.30108194,NA
"HMO","summer23","HMO4",NA,116324.698296712,NA
"HMO","summer23","HMO5",NA,133927.000319163,NA
