"site","campaign","tree","wd_g_cm3"
"ART","spring23","ART1",0.66
"ART","spring23","ART2",0.71
"ART","spring23","ART3",0.61
"ART","spring23","ART4",0.67
"ART","spring23","ART5",0.86
"BER","spring23","BER1",0.59
"BER","spring23","BER2",0.71
"BER","spring23","BER3",0.57
"BER","spring23","BER4",0.77
"BER","spring23","BER5",0.67
"BER","spring23","BER6",0.61
"ITU","spring23","ITU1",0.6
"ITU","spring23","ITU2",0.8
"ITU","spring23","ITU3",0.64
"ITU","spring23","ITU4",0.58
"ITU","spring23","ITU5",0.42
"ITU","spring23","ITU6",0.53
"DIU","spring23","DIU1",0.56
"DIU","spring23","DIU2",0.71
"DIU","spring23","DIU3",0.72
"DIU","spring23","DIU4",0.64
"DIU","spring23","DIU5",0.71
"DIU","spring23","DIU6",0.59
"MSA","spring23","MSA1",0.62
"MSA","spring23","MSA2",0.57
"MSA","spring23","MSA3",0.65
"MSA","spring23","MSA4",0.72
"MSA","spring23","MSA5",0.71
"MSA","spring23","MSA6",0.6
"ART","summer23","ART1",0.73
"ART","summer23","ART2",1.09
"ART","summer23","ART3",1.14
"ART","summer23","ART4",0.85
"ART","summer23","ART5",1.06
"BER","summer23","BER1",0.66
"BER","summer23","BER2",0.64
"BER","summer23","BER3",1
"BER","summer23","BER4",0.67
"BER","summer23","BER5",0.97
"BER","summer23","BER6",0.85
"ITU","summer23","ITU1",0.87
"ITU","summer23","ITU2",0.63
"ITU","summer23","ITU3",0.78
"ITU","summer23","ITU4",0.7
"ITU","summer23","ITU5",0.6
"ITU","summer23","ITU6",0.66
"DIU","summer23","DIU1",0.75
"DIU","summer23","DIU2",0.75
"DIU","summer23","DIU3",1.2
"DIU","summer23","DIU4",1.1
"DIU","summer23","DIU5",1.05
"DIU","summer23","DIU6",1.37
"MSA","summer23","MSA1",0.69
"MSA","summer23","MSA2",0.77
"MSA","summer23","MSA3",0.76
"MSA","summer23","MSA5",0.67
"MSA","summer23","MSA6",0.75
"HMO","spring23","HMO1",NA
"HMO","spring23","HMO2",NA
"HMO","spring23","HMO3",NA
"HMO","spring23","HMO4",NA
"HMO","spring23","HMO5",NA
"HMO","summer23","HMO1",NA
"HMO","summer23","HMO2",NA
"HMO","summer23","HMO3",NA
"HMO","summer23","HMO4",NA
"HMO","summer23","HMO5",NA
