"site","campaign","tree","wp_md"
"ITU","spring23","ITU1",-1.3705
"ITU","spring23","ITU2",-0.958
"ITU","spring23","ITU3",-1.174
"ITU","spring23","ITU4",-0.9635
"ITU","spring23","ITU5",-1.039
"ITU","spring23","ITU6",-0.955
"ART","spring23","ART1",-1.559
"ART","spring23","ART2",-1.4815
"ART","spring23","ART3",-1.678
"ART","spring23","ART4",-1.82
"ART","spring23","ART5",-1.492
"BER","spring23","BER1",-2.19
"BER","spring23","BER2",-1.9385
"BER","spring23","BER3",-2.02
"BER","spring23","BER4",-1.769
"BER","spring23","BER5",-1.769
"BER","spring23","BER6",-1.7485
"DIU","spring23","DIU1",-1.432
"DIU","spring23","DIU2",-1.7235
"DIU","spring23","DIU3",-1.846
"DIU","spring23","DIU4",-1.5775
"DIU","spring23","DIU5",-1.5155
"DIU","spring23","DIU6",-1.5765
"ITU","summer23","ITU1",-1.511
"ITU","summer23","ITU2",-1.433
"ITU","summer23","ITU3",-1.9425
"ITU","summer23","ITU4",-1.786
"ITU","summer23","ITU5",-2.7535
"ITU","summer23","ITU6",-2.088
"BER","summer23","BER1",-0.725
"BER","summer23","BER2",-0.49
"BER","summer23","BER3",-0.59
"BER","summer23","BER4",NA
"BER","summer23","BER5",NA
"BER","summer23","BER6",NA
"ART","summer23","ART1",-1.7445
"ART","summer23","ART2",-1.998
"ART","summer23","ART3",-1.913
"ART","summer23","ART4",-2.3245
"ART","summer23","ART6",-2.436
"DIU","summer23","DIU1",-2.34
"DIU","summer23","DIU2",-2.6175
"DIU","summer23","DIU3",-2.4215
"DIU","summer23","DIU4",-2.5245
"DIU","summer23","DIU5",-2.4505
"DIU","summer23","DIU6",-2.4015
"MSA","spring23","MSA1",-1.85
"MSA","spring23","MSA2",-1.45
"MSA","spring23","MSA3",-1.9
"MSA","spring23","MSA4",-1.74
"MSA","spring23","MSA5",-1.57
"MSA","spring23","MSA6",-2.06
"MSA","summer23","MSA1",-1.86
"MSA","summer23","MSA2",-2.41
"MSA","summer23","MSA3",-2.92
"MSA","summer23","MSA4",-2.775
"MSA","summer23","MSA5",-2.575
"MSA","summer23","MSA6",-2.985
"HMO","summer23","HMO1",-2.39
"HMO","summer23","HMO2",-1.94
"HMO","summer23","HMO3",-1.9
"HMO","summer23","HMO4",-2.93
"HMO","summer23","HMO5",-2.65
