date,season,id_plant,sample_type,light_exposure,site,Vol extraccion sac (ml),# de hojas,Vol_resusp (ml),Vol_final_pocillo_sac_(ml),Vol sacarosa (ml),Sacarosa 01,rep_S01,Sacarosa 02,rep_S02,Sac 02-01,Sac_rep_02-01,Promedio sacarosa,Aplicando la recta sacarosa_um_ml,ug_sac_ml,ug_C_ml,ug_C_MUESTRA (sin descontar lo usado para medir),ug_C_MUESTRA (descontando lo usado para medir),mg C capsulitas analisis isotopos
20230607,spring,1,LPH,shade_low,artikutza,1.8,10,0.5,0.25,0.015,0.31,0.32,0.318,0.32,0.008,0,0.004,0.015713264,5.378650388,2.259033163,1.129516581,1.061745587,
20230607,spring,2,LPH,shade_low,artikutza,1.8,10,0.5,0.25,0.015,0.312,0.311,0.316,0.32,0.004,0.009,0.0065,0.025534055,8.74030688,3.67092889,1.835464445,1.725336578,
20230607,spring,3,LPH,shade_low,artikutza,1.8,10,0.5,0.25,0.015,0.313,0.311,0.333,0.33,0.02,0.019,0.0195,0.076602164,26.22092064,11.01278667,5.506393334,5.176009734,
20230607,spring,4,LPH,shade_low,artikutza,1.8,10,0.5,0.25,0.015,0.335,0.34,0.334,0.337,-0.001,-0.003,-0.002,-0.007856632,-2.689325194,-1.129516581,-0.564758291,-0.530872793,
20230607,spring,5,LPH,shade_low,artikutza,1.8,10,0.5,0.25,0.015,0.349,0.351,0.349,0.358,0,0.007,0.0035,0.013749106,4.706319089,1.976654017,0.988327009,0.929027388,
20230607,spring,1,SPH,shade_low,artikutza,10,,,0.25,0.11,0.32,0.315,0.498,0.438,0.178,0.123,0.1505,0.08061976,27.59614375,11.59038038,115.9038038,113.3539201,0.115903804
20230607,spring,2,SPH,shade_low,artikutza,10,,,0.25,0.11,0.283,0.285,0.431,0.441,0.148,0.156,0.152,0.081423279,27.87118837,11.70589912,117.0589912,114.4836934,0.117058991
20230607,spring,3,SPH,shade_low,artikutza,10,,,0.25,0.11,0.286,0.297,0.442,0.448,0.156,0.151,0.1535,0.082226798,28.14623299,11.82141786,118.2141786,115.6134666,0.118214179
20230607,spring,4,SPH,shade_low,artikutza,10,,,0.25,0.11,0.318,0.325,0.552,0.589,0.234,0.264,0.249,0.133384187,45.65740727,19.17611105,191.7611105,187.5423661,0.191761111
20230607,spring,5,SPH,shade_low,artikutza,10,,,0.25,0.11,0.298,0.297,0.501,0.483,0.203,0.186,0.1945,0.104189656,35.66411933,14.97893012,149.7893012,146.4939366,0.149789301
20230607,spring,1,BPH,shade_low,artikutza,10,,,0.25,0.11,0.295,0.293,0.454,0.45,0.159,0.157,0.158,0.084637356,28.97136686,12.16797408,121.6797408,119.0027865,0.121679741
20230607,spring,2,BPH,shade_low,artikutza,10,,,0.25,0.11,0.288,0.29,0.408,0.418,0.12,0.128,0.124,0.066424254,22.73702209,9.549549279,95.49549279,93.39459195,0.095495493
20230607,spring,3,BPH,shade_low,artikutza,10,,,0.25,0.11,0.306,0.308,0.555,0.54,0.249,0.232,0.2405,0.128830912,44.09882108,18.52150485,185.2150485,181.1403175,0.185215049
20230607,spring,4,BPH,shade_low,artikutza,10,,,0.25,0.11,0.325,0.321,0.552,0.502,0.227,0.181,0.204,0.109278611,37.40606861,15.71054881,157.1054881,153.6491674,0.157105488
20230607,spring,5,BPH,shade_low,artikutza,10,,,0.25,0.11,0.508,0.491,1.9498,1.9196,1.4418,1.4286,1.4352,0.76880717,263.1626944,110.5283317,1105.283317,1080.967084,1.105283317
20230608,spring,1,LPH,shade_low,bertiz,1.8,10,0.5,0.25,0.015,0.354,0.347,0.384,0.379,0.03,0.032,0.031,0.121777799,41.6845405,17.50750701,8.753753506,8.228528296,
20230608,spring,2,LPH,shade_low,bertiz,1.8,10,0.5,0.25,0.015,0.317,0.321,0.378,0.386,0.061,0.065,0.063,0.247483914,84.71374361,35.57977231,17.78988616,16.72249299,
20230608,spring,3,LPH,shade_low,bertiz,1.8,10,0.5,0.25,0.015,0.334,0.321,0.347,0.34,0.013,0.019,0.016,0.062853057,21.51460155,9.036132651,4.518066326,4.246982346,
20230608,spring,4,LPH,shade_low,bertiz,1.8,10,0.5,0.25,0.015,0.324,0.336,0.353,0.362,0.029,0.026,0.0275,0.108028692,36.97822142,15.53085299,7.765426497,7.299500907,
20230608,spring,5,LPH,shade_low,bertiz,1.8,10,0.5,0.25,0.015,0.316,0.313,0.333,0.33,0.017,0.017,0.017,0.066781373,22.85926415,9.600890942,4.800445471,4.512418743,
20230608,spring,6,LPH,shade_low,bertiz,1.8,10,0.5,0.25,0.015,0.359,0.357,0.43,0.424,0.071,0.067,0.069,0.27105381,92.78171919,38.96832206,19.48416103,18.31511137,
20230608,spring,1,BPH,shade_low,bertiz,10,,,0.25,0.11,0.884,0.974,3.6028,3.7896,2.7188,2.8156,2.7672,1.48233222,507.4023188,213.1089739,2131.089739,2084.205765,2.131089739
20230608,spring,2,BPH,shade_low,bertiz,10,,,0.25,0.11,0.85,0.869,3.6276,0.878,2.7776,0.009,1.3933,0.746362201,255.4797813,107.3015082,1073.015082,1049.40875,1.073015082
20230608,spring,3,BPH,shade_low,bertiz,10,,,0.25,0.11,0.85,0.981,3.315,3.4096,2.465,2.4286,2.4468,1.310700519,448.6527876,188.4341708,1884.341708,1842.88619,1.884341708
20230608,spring,4,BPH,shade_low,bertiz,10,,,0.25,0.11,0.729,0.788,2.7918,2.9,2.0628,2.112,2.0874,1.118177318,382.7520961,160.7558804,1607.558804,1572.19251,1.607558804
20230608,spring,5,BPH,shade_low,bertiz,10,,,0.25,0.11,0.564,0.632,3.4988,3.6746,2.9348,3.0426,2.9887,1.600985222,548.0172414,230.1672414,2301.672414,2251.035621,2.301672414
20230608,spring,6,BPH,shade_low,bertiz,10,,,0.25,0.11,0.656,0.683,3.6324,3.68,2.9764,2.997,2.9867,1.599913863,547.6505152,230.0132164,2300.132164,2249.529256,2.300132164
20230608,spring,1,SPH,shade_low,bertiz,10,,,0.25,0.11,0.661,0.687,2.9152,3.0326,2.2542,2.3456,2.2999,1.232009205,421.7167509,177.1210354,1771.210354,1732.243726,1.771210354
20230608,spring,2,SPH,shade_low,bertiz,10,,,0.25,0.11,0.708,0.771,3.45,3.5892,2.742,2.8182,2.7801,1.489242485,509.7677026,214.1024351,2141.024351,2093.921815,2.141024351
20230608,spring,3,SPH,shade_low,bertiz,10,,,0.25,0.11,0.838,0.904,3.5746,3.654,2.7366,2.75,2.7433,1.469529481,503.0199412,211.2683753,2112.683753,2066.20471,2.112683753
20230608,spring,4,SPH,shade_low,bertiz,10,,,0.25,0.11,0.708,0.733,2.9832,3.0792,2.2752,2.3462,2.3107,1.237794543,423.6970722,177.9527703,1779.527703,1740.378094,1.779527703
20230608,spring,5,SPH,shade_low,bertiz,10,,,0.25,0.11,0.608,0.645,2.6594,2.7248,2.0514,2.0798,2.0656,1.106499506,378.7547809,159.077008,1590.77008,1555.773138,1.59077008
20230608,spring,6,SPH,shade_low,bertiz,10,,,0.25,0.11,0.476,0.47,2.7244,2.6736,2.2484,2.2036,2.226,1.192422493,408.1662192,171.4298121,1714.298121,1676.583562,1.714298121
20230615,spring,1,LPH,shade_low,diustes,1.8,10,0.5,0.25,0.015,0.293,0.288,0.303,0.3,0.01,0.012,0.011,0.043211477,14.79128857,6.212341198,3.106170599,2.919800363,
20230615,spring,2,LPH,shade_low,diustes,1.8,10,0.5,0.25,0.015,0.296,0.294,0.32,0.32,0.024,0.026,0.025,0.098207902,33.61656492,14.11895727,7.059478634,6.635909916,
20230615,spring,3,LPH,shade_low,diustes,1.8,10,0.5,0.25,0.015,0.293,0.299,0.341,0.349,0.048,0.05,0.049,0.192487488,65.88846725,27.67315624,13.83657812,13.00638344,
20230615,spring,4,LPH,shade_low,diustes,1.8,10,0.5,0.25,0.015,0.295,0.297,0.513,0.516,0.218,0.219,0.2185,0.858337065,293.8087774,123.3996865,61.69984326,57.99785266,
20230615,spring,5,LPH,shade_low,diustes,1.8,10,0.5,0.25,0.015,0.307,0.31,0.319,0.322,0.012,0.012,0.012,0.047139793,16.13595116,6.777099489,3.388549744,3.18523676,
20230615,spring,6,LPH,shade_low,diustes,1.8,10,0.5,0.25,0.015,0.304,0.304,0.31,0.309,0.006,0.005,0.0055,0.021605738,7.395644283,3.106170599,1.553085299,1.459900181,
20230615,spring,1,BPH,shade_low,diustes,10,,,0.25,0.11,0.653,0.658,3.2604,3.3066,2.6074,2.6486,2.628,1.407765638,481.8781779,202.3888347,2023.888347,1979.362804,2.023888347
20230615,spring,2,BPH,shade_low,diustes,10,,,0.25,0.11,0.565,0.618,2.6684,2.7536,2.1034,2.1356,2.1195,1.135372629,388.638051,163.2279814,1632.279814,1596.369658,1.632279814
20230615,spring,3,BPH,shade_low,diustes,10,,,0.25,0.11,0.546,0.549,3.191,3.2066,2.645,2.6576,2.6513,1.42024697,486.1505377,204.1832258,2041.832258,1996.911949,2.041832258
20230615,spring,4,BPH,shade_low,diustes,10,,,0.25,0.11,0.406,0.401,2.6594,2.6544,2.2534,2.2534,2.2534,1.20710011,413.1903676,173.5399544,1735.399544,1697.220754,1.735399544
20230615,spring,5,BPH,shade_low,diustes,10,,,0.25,0.11,0.543,0.541,2.8096,2.8332,2.2666,2.2922,2.2794,1.221027776,417.9578077,175.5422793,1755.422793,1716.803491,1.755422793
20230615,spring,6,BPH,shade_low,diustes,10,,,0.25,0.11,0.569,0.573,3.1812,3.2158,2.6122,2.6428,2.6275,1.407497798,481.7864964,202.3503285,2023.503285,1978.986213,2.023503285
20230615,spring,1,SPH,shade_low,diustes,10,,,0.25,0.11,0.563,0.59,1.4012,1.449,0.8382,0.859,0.8486,0.454577595,155.6019109,65.35280257,653.5280257,639.1504091,0.653528026
20230615,spring,2,SPH,shade_low,diustes,10,,,0.25,0.11,0.691,0.703,3.1634,3.2186,2.4724,2.5156,2.494,1.33598459,457.307525,192.0691605,1920.691605,1878.43639,1.920691605
20230615,spring,3,SPH,shade_low,diustes,10,,,0.25,0.11,0.516,0.51,2.1768,2.1382,1.6608,1.6282,1.6445,0.880924883,301.5405874,126.6470467,1266.470467,1238.608117,1.266470467
20230615,spring,4,SPH,shade_low,diustes,10,,,0.25,0.11,1.071,1.086,3.5224,3.5454,2.4514,2.4594,2.4554,1.315307362,450.2297101,189.0964782,1890.964782,1849.363557,1.890964782
20230615,spring,5,SPH,shade_low,diustes,10,,,0.25,0.11,0.725,0.727,2.4876,2.4812,1.7626,1.7542,1.7584,0.941938774,322.4256423,135.4187698,1354.187698,1324.395568,1.354187698
20230615,spring,6,SPH,shade_low,diustes,10,,,0.25,0.11,0.907,0.958,3.0966,3.217,2.1896,2.259,2.2243,1.191511837,407.854502,171.2988908,1712.988908,1675.303152,1.712988908
20230606,spring,1,LPH,shade_low,iturrieta,1.8,10,0.5,0.25,0.015,0.301,0.303,0.313,0.317,0.012,0.014,0.013,0.051068109,17.48061376,7.341857779,3.67092889,3.450673156,
20230606,spring,2,LPH,shade_low,iturrieta,1.8,10,0.5,0.25,0.015,0.292,0.296,0.294,0.298,0.002,0.002,0.002,0.007856632,2.689325194,1.129516581,0.564758291,0.530872793,
20230606,spring,3,LPH,shade_low,iturrieta,1.8,10,0.5,0.25,0.015,0.279,0.283,0.296,0.293,0.017,0.01,0.0135,0.053032267,18.15294506,7.624236925,3.812118462,3.583391355,
20230606,spring,4,LPH,shade_low,iturrieta,1.8,10,0.5,0.25,0.015,0.366,0.373,0.381,0.383,0.015,0.01,0.0125,0.049103951,16.80828246,7.059478634,3.529739317,3.317954958,
20230606,spring,5,LPH,shade_low,iturrieta,1.8,10,0.5,0.25,0.015,0.321,0.313,0.333,0.332,0.012,0.019,0.0155,0.060888899,20.84227025,8.753753506,4.376876753,4.114264148,
20230606,spring,6,LPH,shade_low,iturrieta,1.8,10,0.5,0.25,0.015,0.333,0.339,0.357,0.358,0.024,0.019,0.0215,0.084458796,28.91024583,12.14230325,6.071151625,5.706882528,
20230606,spring,1,SPH,shade_low,iturrieta,10,,,0.25,0.11,0.29,0.306,0.513,0.575,0.223,0.269,0.246,0.131777149,45.10731802,18.94507357,189.4507357,185.2828195,0.189450736
20230606,spring,2,SPH,shade_low,iturrieta,10,,,0.25,0.11,0.342,0.343,0.503,0.511,0.161,0.168,0.1645,0.088119272,30.16322689,12.66855529,126.6855529,123.8984708,0.126685553
20230606,spring,3,SPH,shade_low,iturrieta,10,,,0.25,0.11,0.291,0.306,0.385,0.438,0.094,0.132,0.113,0.06053178,20.7200282,8.702411843,87.02411843,85.10958783,0.087024118
20230606,spring,4,SPH,shade_low,iturrieta,10,,,0.25,0.11,0.289,0.308,0.396,0.507,0.107,0.199,0.153,0.081958958,28.05455145,11.78291161,117.8291161,115.2368756,0.117829116
20230606,spring,5,SPH,shade_low,iturrieta,10,,,0.25,0.11,0.314,0.323,0.422,0.445,0.108,0.122,0.115,0.061603139,21.08675436,8.856436832,88.56436832,86.61595221,0.088564368
20230606,spring,6,SPH,shade_low,iturrieta,10,,,0.25,0.11,0.275,0.281,0.348,0.381,0.073,0.1,0.0865,0.046336274,15.86090654,6.661580747,66.61580747,65.15025971,0.066615807
20230606,spring,1,BPH,shade_low,iturrieta,10,,,0.25,0.11,0.265,0.27,0.358,0.397,0.093,0.127,0.11,0.058924741,20.16993895,8.471374361,84.71374361,82.85004125,0.084713744
20230606,spring,2,BPH,shade_low,iturrieta,10,,,0.25,0.11,0.276,0.276,0.388,0.407,0.112,0.131,0.1215,0.065085055,22.27861439,9.357018044,93.57018044,91.51163647,0.09357018
20230606,spring,3,BPH,shade_low,iturrieta,10,,,0.25,0.11,0.289,0.311,0.455,0.665,0.166,0.354,0.26,0.139276661,47.67440116,20.02324849,200.2324849,195.8273702,0.200232485
20230606,spring,4,BPH,shade_low,iturrieta,10,,,0.25,0.11,0.28,0.278,0.425,0.44,0.145,0.162,0.1535,0.082226798,28.14623299,11.82141786,118.2141786,115.6134666,0.118214179
20230606,spring,5,BPH,shade_low,iturrieta,10,,,0.25,0.11,0.293,0.302,0.533,0.556,0.24,0.254,0.247,0.132312828,45.29068111,19.02208606,190.2208606,186.0360017,0.190220861
20230606,spring,6,BPH,shade_low,iturrieta,10,,,0.25,0.11,0.296,0.293,0.438,0.39,0.142,0.097,0.1195,0.064013696,21.91188823,9.202993055,92.02993055,90.00527208,0.092029931
20230531,spring,1,BPH,shade_low,montejo_sierra,10,,,0.25,0.11,1.326,1.348,3.6966,3.7044,2.3706,2.3564,2.3635,1.266078419,433.3786429,182.01903,1820.1903,1780.146114,1.8201903
20230531,spring,2,BPH,shade_low,montejo_sierra,10,,,0.25,0.11,0.959,0.945,3.6622,3.65,2.7032,2.705,2.7041,1.448530845,495.8321084,208.2494855,2082.494855,2036.679969,2.082494855
20230531,spring,3,BPH,shade_low,montejo_sierra,10,,,0.25,0.11,0.665,0.669,3.5838,3.5852,2.9188,2.9162,2.9175,1.562844844,534.96179,224.6839518,2246.839518,2197.409049,2.246839518
20230531,spring,4,BPH,shade_low,montejo_sierra,10,,,0.25,0.11,1.033,1.048,3.6632,3.6704,2.6302,2.6224,2.6263,1.406854983,481.5664607,202.2579135,2022.579135,1978.082394,2.022579135
20230531,spring,5,BPH,shade_low,montejo_sierra,10,,,0.25,0.11,0.726,0.736,3.5756,3.577,2.8496,2.841,2.8453,1.524168786,521.7229755,219.1236497,2191.236497,2143.029294,2.191236497
20230831,summer,1,LPH,shade_low,artikutza,5,10,0.5,0.25,0.015,0.269,0.267,0.273,0.271,0.004,0.004,0.004,0.015713264,5.378650388,2.259033163,1.129516581,1.061745587,
20230831,summer,2,LPH,shade_low,artikutza,5,10,0.5,0.25,0.015,0.301,0.305,0.325,0.332,0.024,0.027,0.0255,0.10017206,34.28889622,14.40133641,7.200668207,6.768628114,
20230831,summer,3,LPH,shade_low,artikutza,5,10,0.5,0.25,0.015,0.305,0.303,0.316,0.313,0.011,0.01,0.0105,0.041247319,14.11895727,5.929962052,2.964981026,2.787082165,
20230831,summer,6,LPH,shade_low,artikutza,5,10,0.5,0.25,0.015,0.276,0.279,0.297333333,0.293,0.021333333,0.014,0.017666667,0.069400251,23.75570588,9.977396469,4.988698235,4.689376341,
20230831,summer,4,LPH,shade_low,artikutza,5,10,0.5,0.25,0.015,0.289,0.287,0.291666667,0.29,0.002666667,0.003,0.002833333,0.011130229,3.809877358,1.60014849,0.800074245,0.75206979,
20230831,summer,1,SPH,shade_low,artikutza,10,,,0.25,0.11,0.582,0.592,2.4814,2.5444,1.8994,1.9524,1.9259,1.031665085,353.1389585,148.3183626,1483.183626,1450.553586,0.296636725
20230831,summer,2,SPH,shade_low,artikutza,10,,,0.25,0.11,0.463,0.461,1.6878,1.6736,1.2248,1.2126,1.2187,0.652832566,223.4645873,93.85512667,938.5512667,917.9031388,0.187710253
20230831,summer,3,SPH,shade_low,artikutza,10,,,0.25,0.11,0.483,0.48,2.0068,1.9776,1.5238,1.4976,1.5107,0.80925097,277.0066071,116.342775,1163.42775,1137.832339,0.23268555
20230831,summer,6,SPH,shade_low,artikutza,10,,,0.25,0.11,0.738,0.763,3.2858,3.3374,2.5478,2.5744,2.5611,1.371928682,469.6111878,197.2366989,1972.366989,1928.974915,0.394473398
20230831,summer,4,SPH,shade_low,artikutza,10,,,0.25,0.11,0.467,0.479,1.9734,2.0078,1.5064,1.5288,1.5176,0.812947158,278.2718123,116.8741612,1168.741612,1143.029296,0.233748322
20230831,summer,1,BPH,shade_low,artikutza,10,,,0.25,0.11,0.898,0.892,2.4652,2.507,1.5672,1.615,1.5911,0.852319599,291.7489988,122.5345795,1225.345795,1198.388188,0.245069159
20230831,summer,2,BPH,shade_low,artikutza,10,,,0.25,0.11,1.037,1.036,3.3482,3.371,2.3112,2.335,2.3231,1.244436969,425.9707744,178.9077252,1789.077252,1749.717553,0.35781545
20230831,summer,3,BPH,shade_low,artikutza,10,,,0.25,0.11,0.758,0.771,2.9116,2.961,2.1536,2.19,2.1718,1.163388665,398.2279402,167.2557349,1672.557349,1635.761087,0.33451147
20230831,summer,6,BPH,shade_low,artikutza,10,,,0.25,0.11,1.017,1.066,3.383,3.463,2.366,2.397,2.3815,1.27572065,436.6791784,183.4052549,1834.052549,1793.703393,0.36681051
20230831,summer,4,BPH,shade_low,artikutza,10,,,0.25,0.11,0.731,0.737,2.3756,2.4418,1.6446,1.7048,1.6747,0.897102403,307.0781524,128.972824,1289.72824,1261.354219,0.257945648
20230830,summer,1,LPH,shade_low,bertiz,5,10,0.5,0.25,0.015,0.268,0.276,0.274833333,0.283166667,0.006833333,0.007166667,0.007,0.027498213,9.412638179,3.953308035,1.976654017,1.858054776,
20230830,summer,2,LPH,shade_low,bertiz,5,10,0.5,0.25,0.015,0.269,0.273,0.276,0.281666667,0.007,0.008666667,0.007833333,0.030771809,10.53319034,4.423939944,2.211969972,2.079251774,
20230830,summer,3,LPH,shade_low,bertiz,5,10,0.5,0.25,0.015,0.287,0.29,0.298,0.301166667,0.011,0.011166667,0.011083333,0.043538837,14.90334378,6.259404389,3.129702194,2.941920063,
20230830,summer,4,LPH,shade_low,bertiz,5,10,0.5,0.25,0.015,0.285,0.285,0.323,0.32,0.038,0.035,0.0365,0.143383537,49.08018479,20.61367761,10.30683881,9.688428477,
20230830,summer,5,LPH,shade_low,bertiz,5,10,0.5,0.25,0.015,0.278,0.282,0.314166667,0.317833333,0.036166667,0.035833333,0.036,0.141419379,48.40785349,20.33129847,10.16564923,9.555710279,
20230830,summer,6,LPH,shade_low,bertiz,5,10,0.5,0.25,0.015,0.295,0.296,0.312,0.3155,0.017,0.0195,0.01825,0.071691769,24.54009239,10.30683881,5.153419403,4.844214239,
20230830,summer,1,BPH,shade_low,bertiz,10,,,0.25,0.11,1.194,1.235,3.4848,3.553,2.2908,2.318,2.3044,1.234419763,422.5418848,177.4675916,1774.675916,1735.633046,0.354935183
20230830,summer,2,BPH,shade_low,bertiz,10,,,0.25,0.11,1.913,1.912,3.99,3.983,2.077,2.071,2.074,1.110999214,380.2950308,159.7239129,1597.239129,1562.099869,0.319447826
20230830,summer,3,BPH,shade_low,bertiz,10,,,0.25,0.11,2.387,2.493,4.004,4.0234,1.617,1.5304,1.5737,0.842998777,288.5584812,121.1945621,1211.945621,1185.282817,0.242389124
20230830,summer,4,BPH,shade_low,bertiz,10,,,0.25,0.11,0.898,0.926,2.7966,2.859,1.8986,1.933,1.9158,1.026254722,351.2869913,147.5405364,1475.405364,1442.946446,0.295081073
20230830,summer,5,BPH,shade_low,bertiz,10,,,0.25,0.11,0.861,0.897,2.2258,2.2956,1.3648,1.3986,1.3817,0.740148319,253.3527696,106.4081632,1064.081632,1040.671836,0.212816326
20230830,summer,6,BPH,shade_low,bertiz,10,,,0.25,0.11,0.828,0.852,3.6986,3.7182,2.8706,2.8662,2.8684,1.536542982,525.9586627,220.9026383,2209.026383,2160.427803,0.441805277
20230830,summer,1,SPH,shade_low,bertiz,10,,,0.25,0.11,0.632,0.648,2.5744,2.6394,1.9424,1.9914,1.9669,1.053627943,360.6568448,151.4758748,1514.758748,1481.434056,0.30295175
20230830,summer,2,SPH,shade_low,bertiz,10,,,0.25,0.11,0.633,0.638,2.5776,2.6002,1.9446,1.9622,1.9534,1.04639627,358.1814432,150.4362061,1504.362061,1471.266096,0.300872412
20230830,summer,3,SPH,shade_low,bertiz,10,,,0.25,0.11,0.568,0.59,2.4134,2.4974,1.8454,1.9074,1.8764,1.005148951,344.0624859,144.5062441,1445.062441,1413.271067,0.289012488
20230830,summer,4,SPH,shade_low,bertiz,10,,,0.25,0.11,0.432,0.444,1.3606,1.39,0.9286,0.946,0.9373,0.502092364,171.8662162,72.1838108,721.838108,705.9576696,0.144367622
20230830,summer,5,SPH,shade_low,bertiz,10,,,0.25,0.11,0.416,0.421,1.6552,1.677,1.2392,1.256,1.2476,0.668313702,228.7637804,96.08078775,960.8078775,939.6701042,0.192161575
20230830,summer,6,SPH,shade_low,bertiz,10,,,0.25,0.11,0.42,0.425,1.5166,1.5402,1.0966,1.1152,1.1059,0.592407922,202.7812317,85.16811732,851.6811732,832.9441874,0.170336235
20230901,summer,1,LPH,shade_low,diustes,5,10,0.5,0.25,0.015,0.304,0.31,0.329,0.3385,0.025,0.0285,0.02675,0.105082455,35.96972447,15.10728428,7.553642138,7.10042361,
20230901,summer,2,LPH,shade_low,diustes,5,10,0.5,0.25,0.015,0.319,0.325,0.375166667,0.38,0.056166667,0.055,0.055583333,0.218348903,74.74082935,31.39114833,15.69557416,14.75383971,
20230901,summer,3,LPH,shade_low,diustes,5,10,0.5,0.25,0.015,0.281,0.279,0.292,0.295,0.011,0.016,0.0135,0.053032267,18.15294506,7.624236925,3.812118462,3.583391355,
20230901,summer,4,LPH,shade_low,diustes,5,10,0.5,0.25,0.015,0.297,0.297,0.329333333,0.337,0.032333333,0.04,0.036166667,0.142074099,48.63196392,20.42542485,10.21271242,9.599949678,
20230901,summer,5,LPH,shade_low,diustes,5,10,0.5,0.25,0.015,0.295,0.29,0.3145,0.32,0.0195,0.03,0.02475,0.097225823,33.28039927,13.9777677,6.988883848,6.569550817,
20230901,summer,6,LPH,shade_low,diustes,5,10,0.5,0.25,0.015,0.288,0.285,0.300833333,0.308,0.012833333,0.023,0.017916667,0.07038233,24.09187153,10.11858604,5.059293021,4.75573544,
20230901,summer,1,BPH,shade_low,diustes,10,,,0.25,0.11,2.498,2.572,3.9148,3.939,1.4168,1.367,1.3919,0.745612249,255.223073,107.1936907,1071.936907,1048.354295,0.214387381
20230901,summer,2,BPH,shade_low,diustes,10,,,0.25,0.11,1.611,1.632,3.732,3.7314,2.121,2.0994,2.1102,1.13039081,386.9327744,162.5117652,1625.117652,1589.365064,0.32502353
20230901,summer,3,BPH,shade_low,diustes,10,,,0.25,0.11,1.215,1.193,3.6642,3.6444,2.4492,2.4514,2.4503,1.312575397,449.2945584,188.7037145,1887.037145,1845.522328,0.377407429
20230901,summer,4,BPH,shade_low,diustes,10,,,0.25,0.11,1.628,1.642,3.8044,3.799,2.1764,2.157,2.1667,1.1606567,397.2927885,166.8629712,1668.629712,1631.919858,0.333725942
20230901,summer,5,BPH,shade_low,diustes,10,,,0.25,0.11,1.408,1.424,3.7306,3.7296,2.3226,2.3056,2.3141,1.239615854,424.3205067,178.2146128,1782.146128,1742.938913,0.356429226
20230901,summer,6,BPH,shade_low,diustes,10,,,0.25,0.11,1.439,1.469,3.7416,3.7294,2.3026,2.2604,2.2815,1.222152703,418.3428702,175.7040055,1757.040055,1718.385174,0.351408011
20230901,summer,1,SPH,shade_low,diustes,10,,,0.25,0.11,0.647,0.652,3.003,3.0206,2.356,2.3686,2.3623,1.265435604,433.1586072,181.926615,1819.26615,1779.242295,0.36385323
20230901,summer,2,SPH,shade_low,diustes,10,,,0.25,0.11,0.62,0.638,3.0074,3.0872,2.3874,2.4492,2.4183,1.295433654,443.4269397,186.2393147,1862.393147,1821.420498,0.372478629
20230901,summer,3,SPH,shade_low,diustes,10,,,0.25,0.11,0.412,0.422,2.128,2.207,1.716,1.785,1.7505,0.937706906,320.977074,134.8103711,1348.103711,1318.445429,0.269620742
20230901,summer,4,SPH,shade_low,diustes,10,,,0.25,0.11,0.767,0.796,3.3166,3.4174,2.5496,2.6214,2.5855,1.384999261,474.085247,199.1158037,1991.158037,1947.35256,0.398231607
20230901,summer,5,SPH,shade_low,diustes,10,,,0.25,0.11,0.443,0.442,2.2572,2.2732,1.8142,1.8312,1.8227,0.976382964,334.2158885,140.3706732,1403.706732,1372.825183,0.280741346
20230901,summer,6,SPH,shade_low,diustes,10,,,0.25,0.11,0.528,0.52,2.3424,2.27,1.8144,1.75,1.7822,0.954687945,326.7896837,137.2516671,1372.516671,1342.321305,0.274503334
20230829,summer,1,LPH,shade_low,iturrieta,5,10,0.5,0.25,0.015,0.271,0.271,0.273,0.275666667,0.002,0.004666667,0.003333333,0.013094387,4.482208656,1.882527636,0.941263818,0.884787989,
20230829,summer,2,LPH,shade_low,iturrieta,5,10,0.5,0.25,0.015,0.283,0.288,0.289,0.292,0.006,0.004,0.005,0.01964158,6.723312985,2.823791454,1.411895727,1.327181983,
20230829,summer,3,LPH,shade_low,iturrieta,5,10,0.5,0.25,0.015,0.276,0.281,0.290166667,0.2965,0.014166667,0.0155,0.014833333,0.058270022,19.94582852,8.377247979,4.188623989,3.93730655,
20230829,summer,4,LPH,shade_low,iturrieta,5,10,0.5,0.25,0.015,0.287,0.286,0.282,0.28,-0.005,-0.006,-0.0055,-0.021605738,-7.395644283,-3.106170599,-1.553085299,-1.459900181,
20230829,summer,5,LPH,shade_low,iturrieta,5,10,0.5,0.25,0.015,0.281,0.277,0.305,0.302,0.024,0.025,0.0245,0.096243744,32.94423362,13.83657812,6.918289061,6.503191718,
20230829,summer,6,LPH,shade_low,iturrieta,5,10,0.5,0.25,0.015,0.283,0.29,0.302833333,0.312666667,0.019833333,0.022666667,0.02125,0.083476717,28.57408018,12.00111368,6.000556839,5.640523428,
20230829,summer,1,SPH,shade_low,iturrieta,10,,,0.25,0.11,0.714,0.735,2.6816,2.7364,1.9676,2.0014,1.9845,1.063055901,363.884035,152.8312947,1528.312947,1494.690062,0.305662589
20230829,summer,2,SPH,shade_low,iturrieta,10,,,0.25,0.11,0.519,0.509,1.6506,1.6174,1.1316,1.1084,1.12,0.599961003,205.3666512,86.25399349,862.5399349,843.5640563,0.172507987
20230829,summer,3,SPH,shade_low,iturrieta,10,,,0.25,0.11,0.434,0.427,1.761,1.7326,1.327,1.3056,1.3163,0.705114882,241.360824,101.3715461,1013.715461,991.4137209,0.202743092
20230829,summer,4,SPH,shade_low,iturrieta,10,,,0.25,0.11,0.465,0.464,1.7734,1.7924,1.3084,1.3284,1.3184,0.706239809,241.7458865,101.5332723,1015.332723,992.9954035,0.203066545
20230829,summer,5,SPH,shade_low,iturrieta,10,,,0.25,0.11,0.381,0.37,1.52,1.4664,1.139,1.0964,1.1177,0.59872894,204.9449161,86.07686475,860.7686475,841.8317373,0.17215373
20230829,summer,6,SPH,shade_low,iturrieta,10,,,0.25,0.11,0.377,0.39,1.2444,1.2582,0.8674,0.8682,0.8678,0.464862641,159.122482,66.83144246,668.3144246,653.6115072,0.133662885
20230829,summer,1,BPH,shade_low,iturrieta,10,,,0.25,0.11,0.724,0.747,3.0464,3.1346,2.3224,2.3876,2.355,1.261525144,431.8200567,181.3644238,1813.644238,1773.744065,0.362728848
20230829,summer,2,BPH,shade_low,iturrieta,10,,,0.25,0.11,0.832,0.838,3.0704,3.0758,2.2384,2.2378,2.2381,1.198904214,410.3849125,172.3616632,1723.616632,1685.697067,0.344723326
20230829,summer,3,BPH,shade_low,iturrieta,10,,,0.25,0.11,0.656,0.661,2.4346,2.4462,1.7786,1.7852,1.7819,0.954527241,326.7346747,137.2285634,1372.285634,1342.09535,0.274457127
20230829,summer,4,BPH,shade_low,iturrieta,10,,,0.25,0.11,0.698,0.711,2.531,2.5652,1.833,1.8542,1.8436,0.987578665,338.0481769,141.9802343,1419.802343,1388.566691,0.283960469
20230829,summer,5,BPH,shade_low,iturrieta,10,,,0.25,0.11,0.622,0.629,3.1582,3.218,2.5362,2.589,2.5626,1.372732201,469.8862324,197.3522176,1973.522176,1930.104688,0.394704435
20230829,summer,6,BPH,shade_low,iturrieta,10,,,0.25,0.11,1.01,1.038,2.8196,2.8818,1.8096,1.8438,1.8267,0.978525682,334.9493408,140.6787231,1406.787231,1375.837912,0.281357446
20230720,summer,1,BPH,shade_low,montejo_sierra,10,,,0.25,0.11,1.182,1.203,3.6248,3.6474,2.4428,2.4444,2.4436,1.308986344,448.0660257,188.1877308,1881.877308,1840.476007,0.376375462
20230720,summer,2,BPH,shade_low,montejo_sierra,10,,,0.25,0.11,0.985,1.006,3.6468,3.651,2.6618,2.645,2.6534,1.421371897,486.5356002,204.3449521,2043.449521,1998.493631,0.408689904
20230720,summer,3,BPH,shade_low,montejo_sierra,10,,,0.25,0.11,0.63,0.647,3.561,3.5728,2.931,2.9258,2.9284,1.56868375,536.9604476,225.523388,2255.23388,2205.618734,0.451046776
20230720,summer,4,BPH,shade_low,montejo_sierra,10,,,0.25,0.11,0.719,0.719,3.5534,3.5488,2.8344,2.8298,2.8321,1.517097817,519.3025828,218.1070848,2181.070848,2133.087289,0.43621417
20230720,summer,5,BPH,shade_low,montejo_sierra,10,,,0.25,0.11,0.868,0.887,3.6012,3.6362,2.7332,2.7492,2.7412,1.468404554,502.6348787,211.1066491,2111.066491,2064.623028,0.422213298
20230926,late_summer,1,BPH,shade_low,montejo_sierra,10,,,0.25,0.11,0.8,0.826,2.4672,2.497,1.6672,1.671,1.6691,0.894102598,306.0513192,128.541554,1285.41554,1257.136399,0.257083108
20230926,late_summer,2,BPH,shade_low,montejo_sierra,10,,,0.25,0.11,0.525,0.527,2.072,2.0798,1.547,1.5528,1.5499,0.830249605,284.1944399,119.3616647,1193.616647,1167.357081,0.238723329
20230926,late_summer,3,BPH,shade_low,montejo_sierra,10,,,0.25,0.11,0.526,0.523,2.6476,2.6418,2.1216,2.1188,2.1202,1.135747605,388.7664052,163.2818902,1632.818902,1596.896886,0.32656378
20230926,late_summer,4,BPH,shade_low,montejo_sierra,10,,,0.25,0.11,0.608,0.61,2.7228,2.759,2.1148,2.149,2.1319,1.142015055,390.9117532,164.1829364,1641.829364,1605.709118,0.328365873
20230926,late_summer,5,BPH,shade_low,montejo_sierra,10,,,0.25,0.11,0.694,0.68,3.1938,3.0892,2.4998,2.4092,2.4545,1.314825251,450.0646833,189.027167,1890.27167,1848.685693,0.378054334
