date,site,campaign,id_plant,canopy_position,length_wd_cm,diameter_wd_cm,fw_wd_g,dw_wd_g,vol_sample_g,wd_g_cm3
20230607,ART,spring23,ART1,shade_low,6.74,0.55,1.7,1.05,1.6,0.66
20230607,ART,spring23,ART2,shade_low,7.1,0.42,1.26,0.7,0.98,0.71
20230607,ART,spring23,ART3,shade_low,6.36,0.5,1.27,0.76,1.25,0.61
20230607,ART,spring23,ART4,shade_low,6.27,0.49,1.36,0.79,1.18,0.67
20230607,ART,spring23,ART5,shade_low,6.85,0.53,2.12,1.3,1.51,0.86
20230608,BER,spring23,BER1,shade_low,6.45,0.63,1.94,1.19,2.01,0.59
20230608,BER,spring23,BER2,shade_low,7.12,0.44,1.19,0.77,1.08,0.71
20230608,BER,spring23,BER3,shade_low,6.14,0.8,2.87,1.75,3.09,0.57
20230608,BER,spring23,BER4,shade_low,7.1,0.4,1.14,0.69,0.89,0.77
20230608,BER,spring23,BER5,shade_low,7.49,0.5,1.56,0.99,1.47,0.67
20230608,BER,spring23,BER6,shade_low,6.85,0.5,1.31,0.83,1.34,0.61
20230606,ITU,spring23,ITU1,shade_low,5.57,0.64,1.85,1.07,1.79,0.6
20230606,ITU,spring23,ITU2,shade_low,6.95,0.42,1.36,0.77,0.96,0.8
20230606,ITU,spring23,ITU3,shade_low,7.09,0.56,1.96,1.12,1.75,0.64
20230606,ITU,spring23,ITU4,shade_low,6.23,0.51,1.29,0.74,1.27,0.58
20230606,ITU,spring23,ITU5,shade_low,6.51,0.5,1,0.54,1.28,0.42
20230606,ITU,spring23,ITU6,shade_low,6.9,0.43,1.05,0.53,1,0.53
20230615,DIU,spring23,DIU1,shade_low,7.5,0.42,1.07,0.58,1.04,0.56
20230615,DIU,spring23,DIU2,shade_low,6.5,0.46,1.27,0.77,1.08,0.71
20230615,DIU,spring23,DIU3,shade_low,7.17,0.54,1.95,1.18,1.64,0.72
20230615,DIU,spring23,DIU4,shade_low,6.74,0.48,1.3,0.78,1.22,0.64
20230615,DIU,spring23,DIU5,shade_low,7.27,0.61,2.53,1.51,2.12,0.71
20230615,DIU,spring23,DIU6,shade_low,6.87,0.67,2.34,1.42,2.42,0.59
20230531,MSA,spring23,MSA1,shade_low,6.5,0.5,1.44,0.8,1.28,0.62
20230531,MSA,spring23,MSA2,shade_low,7.7,0.45,1.28,0.7,1.22,0.57
20230531,MSA,spring23,MSA3,shade_low,6.5,0.4,0.91,0.53,0.82,0.65
20230601,MSA,spring23,MSA4,shade_low,3.38,0.5,0.84,0.48,0.66,0.72
20230531,MSA,spring23,MSA5,shade_low,7,0.5,1.17,0.98,1.37,0.71
20230601,MSA,spring23,MSA6,shade_low,3.84,0.72,1.54,0.93,1.56,0.6
20230531,MSA,spring23,MSA1,shade,5,0.53,0.91,0.51,1.1,0.46
20230530,MSA,spring23,MSA2,shade,5.81,0.44,1.21,0.68,0.88,0.77
20230531,MSA,spring23,MSA3,shade,6.27,0.42,1.13,0.66,0.87,0.76
20230601,MSA,spring23,MSA4,shade,NA,NA,NA,NA,NA,NA
20230531,MSA,spring23,MSA5,shade,7.3,0.51,2.82,1.6,1.49,1.07
20230601,MSA,spring23,MSA6,shade,3.99,0.67,1.12,0.64,1.41,0.46
20230531,MSA,spring23,MSA1,sun,6.67,0.37,1.08,0.55,0.72,0.77
20230530,MSA,spring23,MSA2,sun,2.45,1.16,0.9,0.48,2.59,0.18
20230530,MSA,spring23,MSA3,sun,5.11,0.63,NA,0.88,1.59,0.55
20230601,MSA,spring23,MSA4,sun,3.5,0.5,0.86,0.49,0.69,0.71
20230531,MSA,spring23,MSA5,sun,6.85,0.5,1.32,0.71,1.34,0.53
20230601,MSA,spring23,MSA6,sun,4.31,0.74,1.77,1.03,1.85,0.55
20230831,ART,summer23,ART1,shade_low,7.11,0.44,1.3,0.79,1.08,0.73
20230831,ART,summer23,ART2,shade_low,5,0.35,0.85,0.52,0.48,1.09
20230831,ART,summer23,ART3,shade_low,4.7,0.4,1.18,0.67,0.59,1.14
20230831,ART,summer23,ART4,shade_low,7.8,0.49,2.14,1.24,1.47,0.85
20230831,ART,summer23,ART5,shade_low,5.72,0.41,1.35,0.8,0.76,1.06
20230830,BER,summer23,BER1,shade_low,4.55,0.68,1.86,1.09,1.65,0.66
20230830,BER,summer23,BER2,shade_low,5.79,0.58,1.54,0.98,1.53,0.64
20230830,BER,summer23,BER3,shade_low,5.5,0.3,0.61,0.39,0.39,1
20230830,BER,summer23,BER4,shade_low,5.39,0.47,0.99,0.62,0.94,0.67
20230830,BER,summer23,BER5,shade_low,6.65,0.3,0.73,0.45,0.47,0.97
20230830,BER,summer23,BER6,shade_low,5.9,0.39,NA,0.6,0.7,0.85
20230829,ITU,summer23,ITU1,shade_low,6.45,0.46,1.61,0.93,1.07,0.87
20230829,ITU,summer23,ITU2,shade_low,7.86,0.38,0.98,0.56,0.89,0.63
20230829,ITU,summer23,ITU3,shade_low,7.42,0.38,1.13,0.65,0.84,0.78
20230829,ITU,summer23,ITU4,shade_low,6.19,0.5,1.55,0.86,1.22,0.7
20230829,ITU,summer23,ITU5,shade_low,5.97,0.49,1.12,0.68,1.13,0.6
20230829,ITU,summer23,ITU6,shade_low,5.73,0.45,1,0.61,0.91,0.66
20230901,DIU,summer23,DIU1,shade_low,4.65,0.45,0.98,0.55,0.74,0.75
20230901,DIU,summer23,DIU2,shade_low,4.26,0.52,1.09,0.68,0.9,0.75
20230901,DIU,summer23,DIU3,shade_low,5.55,0.37,1.03,0.72,0.6,1.2
20230901,DIU,summer23,DIU4,shade_low,6.1,0.45,1.8,1.07,0.97,1.1
20230901,DIU,summer23,DIU5,shade_low,4.1,0.45,1.12,0.69,0.65,1.05
20230901,DIU,summer23,DIU6,shade_low,5.49,0.3,0.86,0.53,0.39,1.37
20230823,MSA,summer23,MSA1,shade_low,7.4,0.61,2.57,1.49,2.16,0.69
20230822,MSA,summer23,MSA2,shade_low,4.6,0.53,1.24,0.78,1.01,0.77
20230823,MSA,summer23,MSA3,shade_low,9,0.53,2.56,1.51,1.99,0.76
20230824,MSA,summer23,MSA5,shade_low,8.4,0.53,2.02,1.24,1.85,0.67
20230824,MSA,summer23,MSA6,shade_low,5.96,0.44,1.11,0.68,0.91,0.75
20230823,MSA,summer23,MSA1,shade,6.86,0.64,2.41,1.47,2.21,0.67
20230822,MSA,summer23,MSA2,shade,6.3,0.45,NA,0.65,1,0.65
20230823,MSA,summer23,MSA3,shade,6.57,0.47,1.31,0.8,1.14,0.7
20230824,MSA,summer23,MSA5,shade,6.4,0.47,1.38,0.86,1.11,0.77
20230824,MSA,summer23,MSA6,shade,6.3,0.38,0.91,0.58,0.71,0.8
20230823,MSA,summer23,MSA1,sun,4.37,0.48,0.78,0.45,0.79,0.57
20230822,MSA,summer23,MSA2,sun,5.4,0.46,1.14,0.72,0.9,0.8
20230823,MSA,summer23,MSA3,sun,5.9,0.35,1.1,0.63,0.57,1.1
20230824,MSA,summer23,MSA5,sun,5.9,0.5,1.51,0.97,1.16,0.84
20230824,MSA,summer23,MSA6,sun,6.3,0.78,3.76,2.38,3.01,0.79
20230904,MSA,late_summer,MSA1,shade_low,5,0.53,NA,NA,NA,NA
20230904,MSA,late_summer,MSA2,shade_low,5.7,0.42,NA,NA,NA,NA
20230904,MSA,late_summer,MSA3,shade_low,4.97,0.5,NA,NA,NA,NA
20230904,MSA,late_summer,MSA4,shade_low,5.1,0.29,NA,NA,NA,NA
20230904,MSA,late_summer,MSA5,shade_low,5.34,0.46,NA,NA,NA,NA
20230904,MSA,late_summer,MSA6,shade_low,6.2,0.49,NA,NA,NA,NA
